﻿<?xml version="1.0" encoding="utf-8"?><meta xmlns:xsi="http://www.w3.org/2001/XMLSchema-instance" xmlns:xsd="http://www.w3.org/2001/XMLSchema"><project id="6Mf2HbhDmD9" courseid="6KLI2drM9eY_course_id" thumburl="story_content/thumbnail.jpg" title="Janu Adventure" datepublished="2024-03-08T14:44:50" version="1.0.0.0" flashdata="story_content/data.swf" html5data="mobile/data.json" mobiledata="mobile/data.gz" enabledownload="false" duration="About 3 minutes" totalaudio="0" totalvideo="0"><description>Janu Adventure</description><keywords /><slidemeta moniker="slide" monikerplural="slides" viewslides="39" slidecountdescription="39 slides" /><author name="Noval Abdillah" email="" website="" /><application name="Articulate Storyline" version="3.20.30234.0" xmlversion="4.0" /></project></meta>